Unique Identifier,Metal,Support,Weight loading [%],Molecular Weight of Active component [g mol-1],Catalyst ID,Active Site Density [umol gcat-1],Dispersion [%],Method of determining Active Site Density,Pellet Diameter [µm],WHSV [g reactant gcat-1 hr-1],Temperature [K],Total Pressure [kPa],Inlet Inert Used,"Inert, Inlet Mole fraction [%]","CO, Inlet Mole fraction [%]","CH4, Inlet Mole Fraction [%]","Methanol, Inlet Mole fraction [%]","Inlet P, Methanol [kPa]",Inlet Inert Flow Rate [sccm],Total Inlet Flow Rate [mol/hr],Reactor Configuration,Reactor ID,Rate [umol gcat-1 min-1],Confidence Interval for Rate [μmol gcat-1 min-1],STY [mol product mol active site-1 hr-1 ],Selectivity CO [%],Selectivity CH4 [%],Selectivity CO2 [%],Conversion [%],Data Source,Data Submitted By,Funding Agency,Funding Identifier,Reaction,"Formic Acid, Inlet Mole fraction [%]","CO2, Inlet Mole fraction [%]","H2, Inlet Mole fraction [%]","H2O, Inlet Mole fraction [%]",STY [mol product mol active site-1 hr-1],STY [mol CO2 mol active site-1 s-1],STY [mol CO mol active site-1 s-1]
MDH-0001,Platinum,Silica,1.0,195.08,Cat_M_000001,14.7,30.1,CO dynamic chemisorption,106 - 250,13.0,473,102.73,Nitrogen,90.01,0.0,0.0,9.99,10.27,60.0,0.18,"Downflow, Packed Bed",PBR_000001,16.04,2.1,65.66,82.0,3.0,15.0,0.22,Abdelrahman Catalysis Research Laboratory,0009-0004-1407-1640,Department of Energy,DE-SC0023464,Methanol Dehydrogenation,0.0,0.0,0.0,0.0,,,
MDH-0002,Platinum,Silica,3.1,195.08,Cat_M_000002,14.0,8.5,CO static chemisorption,<1000,,473,101.33,Helium,89.4,0.0,0.0,10.6,10.74,60.0,0.18,"Downflow, Packed Bed",PBR_000002,29.37,,131.0,91.0,9.0,0.0,<5,10.1007/s11244-006-0001-1,0000-0002-9114-555X,National Science Foundation,CTS-0327959,Methanol Dehydrogenation,0.0,0.0,0.0,0.0,,,
MDH-0003,Platinum,Silica,3.1,195.08,Cat_M_000002,14.0,8.5,CO static chemisorption,<1000,,423,101.33,Helium,97.5,0.0,0.0,2.5,2.53,60.0,0.16,"Downflow, Packed Bed",PBR_000002,1.86,,8.3,87.0,13.0,0.0,<5,10.1007/s11244-006-0001-1,0000-0002-9114-555X,National Science Foundation,CTS-0327959,Methanol Dehydrogenation,0.0,0.0,0.0,0.0,,,
MDH-0004,Platinum,Silica,3.1,195.08,Cat_M_000002,14.0,8.5,CO static chemisorption,<1000,,423,101.33,Helium,90.1,0.0,0.0,9.9,10.03,60.0,0.18,"Downflow, Packed Bed",PBR_000002,2.35,,10.5,86.0,14.0,0.0,<5,10.1007/s11244-006-0001-1,0000-0002-9114-555X,National Science Foundation,CTS-0327959,Methanol Dehydrogenation,0.0,0.0,0.0,0.0,,,
MDH-0005,Platinum,Silica,3.1,195.08,Cat_M_000002,14.0,8.5,CO static chemisorption,<1000,,448,101.33,Helium,97.2,0.0,0.0,2.8,2.84,60.0,0.17,"Downflow, Packed Bed",PBR_000002,7.44,,33.2,91.0,9.0,0.0,<5,10.1007/s11244-006-0001-1,0000-0002-9114-555X,National Science Foundation,CTS-0327959,Methanol Dehydrogenation,0.0,0.0,0.0,0.0,,,
MDH-0006,Platinum,Silica,3.1,195.08,Cat_M_000002,14.0,8.5,CO static chemisorption,<1000,,448,101.33,Helium,90.0,0.0,0.0,10.0,10.13,60.0,0.18,"Downflow, Packed Bed",PBR_000002,9.62,,42.9,90.0,10.0,0.0,<5,10.1007/s11244-006-0001-1,0000-0002-9114-555X,National Science Foundation,CTS-0327959,Methanol Dehydrogenation,0.0,0.0,0.0,0.0,,,
MDH-0007,Platinum,Silica,3.1,195.08,Cat_M_000002,14.0,8.5,CO static chemisorption,<1000,,473,101.33,Helium,97.2,0.0,0.0,2.8,2.84,60.0,0.17,"Downflow, Packed Bed",PBR_000002,23.86,,106.4,92.0,8.0,0.0,<5,10.1007/s11244-006-0001-1,0000-0002-9114-555X,National Science Foundation,CTS-0327959,Methanol Dehydrogenation,0.0,0.0,0.0,0.0,,,
MDH-0008,Platinum,Silica,3.1,195.08,Cat_M_000002,14.0,8.5,CO static chemisorption,<1000,,498,101.33,Helium,97.6,0.0,0.0,2.4,2.43,60.0,0.16,"Downflow, Packed Bed",PBR_000002,44.69,,199.3,93.0,7.0,0.0,<5,10.1007/s11244-006-0001-1,0000-0002-9114-555X,National Science Foundation,CTS-0327959,Methanol Dehydrogenation,0.0,0.0,0.0,0.0,,,
MDH-0009,Platinum,Silica,3.1,195.08,Cat_M_000002,14.0,8.5,CO static chemisorption,<1000,,498,101.33,Helium,89.8,0.0,0.0,10.2,10.34,60.0,0.18,"Downflow, Packed Bed",PBR_000002,67.2,,299.7,93.0,7.0,0.0,<5,10.1007/s11244-006-0001-1,0000-0002-9114-555X,National Science Foundation,CTS-0327959,Methanol Dehydrogenation,0.0,0.0,0.0,0.0,,,
MDH-0010,Iridium,Carbon,1.0,192.22,Cat_M_000003,7.9,15.1,CO dynamic chemisorption,106 - 250,17.0,473,102.73,Nitrogen,90.01,0.0,0.0,9.99,10.27,60.0,0.18,"Downflow, Packed Bed",PBR_000001,12.1,3.46,92.39,78.0,0.0,22.0,0.19,Abdelrahman Catalysis Research Laboratory,0009-0004-1407-1640,Department of Energy,DE-SC0023464,Methanol Dehydrogenation,0.0,0.0,0.0,0.0,,,
MDH-0011,Platinum,Carbon,5.0,195.08,Cat_M_000004,73.0,28.5,CO dynamic chemisorption,106 - 250,15.0,473,102.73,Nitrogen,90.01,0.0,0.0,9.99,10.27,60.0,0.18,"Downflow, Packed Bed",PBR_000001,53.37,14.54,43.84,97.0,0.0,3.0,0.62,Abdelrahman Catalysis Research Laboratory,0009-0004-1407-1640,Department of Energy,DE-SC0023464,Methanol Dehydrogenation,0.0,0.0,0.0,0.0,,,
MDH-0012,Palladium,Carbon,5.0,106.42,Cat_M_000005,54.0,11.5,CO dynamic chemisorption,106 - 250,12.0,473,102.73,Nitrogen,90.01,0.0,0.0,9.99,10.27,60.0,0.18,"Downflow, Packed Bed",PBR_000001,16.48,1.92,18.3,97.0,0.0,3.0,0.29,Abdelrahman Catalysis Research Laboratory,0009-0004-1407-1640,Department of Energy,DE-SC0023464,Methanol Dehydrogenation,0.0,0.0,0.0,0.0,,,
MDH-0013,Ruthenium,Carbon,5.0,101.07,Cat_M_000006,103.9,21.0,CO dynamic chemisorption,106 - 250,12.0,473,102.73,Nitrogen,90.01,0.0,0.0,9.99,10.27,60.0,0.18,"Downflow, Packed Bed",PBR_000001,127.14,23.25,73.43,96.0,0.0,4.0,1.46,Abdelrahman Catalysis Research Laboratory,0009-0004-1407-1640,Department of Energy,DE-SC0023464,Methanol Dehydrogenation,0.0,0.0,0.0,0.0,,,
MDH-0014,Palladium,Carbon,5.0,106.42,Cat_M_000005,54.0,11.5,CO dynamic chemisorption,106 - 250,9.0,453,102.73,Nitrogen,90.01,0.0,0.0,9.99,10.27,60.0,0.18,"Downflow, Packed Bed",PBR_000001,6.86,1.92,7.62,98.0,0.0,2.0,0.3,Abdelrahman Catalysis Research Laboratory,0009-0004-1407-1640,Department of Energy,DE-SC0023464,Methanol Dehydrogenation,0.0,0.0,0.0,0.0,,,
MDH-0015,Palladium,Carbon,5.0,106.42,Cat_M_000005,54.0,11.5,CO dynamic chemisorption,106 - 250,9.0,463,102.73,Nitrogen,90.01,0.0,0.0,9.99,10.27,60.0,0.18,"Downflow, Packed Bed",PBR_000001,10.51,1.92,11.67,99.0,0.0,1.0,0.54,Abdelrahman Catalysis Research Laboratory,0009-0004-1407-1640,Department of Energy,DE-SC0023464,Methanol Dehydrogenation,0.0,0.0,0.0,0.0,,,
MDH-0016,Palladium,Carbon,5.0,106.42,Cat_M_000005,54.0,11.5,CO dynamic chemisorption,106 - 250,9.0,483,102.73,Nitrogen,90.01,0.0,0.0,9.99,10.27,60.0,0.18,"Downflow, Packed Bed",PBR_000001,24.91,1.92,27.66,99.0,0.0,1.0,1.29,Abdelrahman Catalysis Research Laboratory,0009-0004-1407-1640,Department of Energy,DE-SC0023464,Methanol Dehydrogenation,0.0,0.0,0.0,0.0,,,
MDH-0017,Palladium,Carbon,5.0,106.42,Cat_M_000005,54.0,11.5,CO dynamic chemisorption,106 - 250,9.0,493,102.73,Nitrogen,90.01,0.0,0.0,9.99,10.27,60.0,0.18,"Downflow, Packed Bed",PBR_000001,35.64,1.92,39.58,99.0,0.0,1.0,1.6,Abdelrahman Catalysis Research Laboratory,0009-0004-1407-1640,Department of Energy,DE-SC0023464,Methanol Dehydrogenation,0.0,0.0,0.0,0.0,,,
MDH-0018,Palladium,Carbon,5.0,106.42,Cat_M_000005,54.0,11.5,CO dynamic chemisorption,106 - 250,9.0,473,102.73,Nitrogen,97.53,0.0,0.0,2.47,2.54,263.0,0.72,"Downflow, Packed Bed",PBR_000001,21.65,1.92,24.04,99.0,0.0,1.0,0.87,Abdelrahman Catalysis Research Laboratory,0009-0004-1407-1640,Department of Energy,DE-SC0023464,Methanol Dehydrogenation,0.0,0.0,0.0,0.0,,,
MDH-0019,Palladium,Carbon,5.0,106.42,Cat_M_000005,54.0,11.5,CO dynamic chemisorption,106 - 250,9.0,473,102.73,Nitrogen,95.05,0.0,0.0,4.95,5.09,128.0,0.36,"Downflow, Packed Bed",PBR_000001,19.19,1.92,21.31,99.0,0.0,1.0,0.94,Abdelrahman Catalysis Research Laboratory,0009-0004-1407-1640,Department of Energy,DE-SC0023464,Methanol Dehydrogenation,0.0,0.0,0.0,0.0,,,
MDH-0020,Palladium,Carbon,5.0,106.42,Cat_M_000005,54.0,11.5,CO dynamic chemisorption,106 - 250,9.0,473,102.73,Nitrogen,86.58,0.0,0.0,13.42,13.79,43.0,0.13,"Downflow, Packed Bed",PBR_000001,15.04,1.92,16.7,99.0,0.0,1.0,0.82,Abdelrahman Catalysis Research Laboratory,0009-0004-1407-1640,Department of Energy,DE-SC0023464,Methanol Dehydrogenation,0.0,0.0,0.0,0.0,,,
MDH-0021,Palladium,Carbon,5.0,106.42,Cat_M_000005,54.0,11.5,CO dynamic chemisorption,106 - 250,9.0,473,102.73,Nitrogen,80.2,0.0,0.0,19.8,20.34,27.0,0.09,"Downflow, Packed Bed",PBR_000001,14.69,1.92,16.31,99.0,0.0,1.0,1.1,Abdelrahman Catalysis Research Laboratory,0009-0004-1407-1640,Department of Energy,DE-SC0023464,Methanol Dehydrogenation,0.0,0.0,0.0,0.0,,,
MDH-0022,Rhodium,Carbon,5.0,102.91,Cat_M_000007,290.1,59.7,CO dynamic chemisorption,106 - 250,12.0,473,102.73,Nitrogen,90.01,0.0,0.0,9.99,10.27,60.0,0.18,"Downflow, Packed Bed",PBR_000001,25.08,5.04,5.19,95.0,0.0,5.0,0.4,Abdelrahman Catalysis Research Laboratory,0009-0004-1407-1640,Department of Energy,DE-SC0023464,Methanol Dehydrogenation,0.0,0.0,0.0,0.0,,,
MDH-0023,Gold,Carbon,5.0,196.97,Cat_M_000008,6.9,2.7,Transmission Electron Microscopy,106 - 250,10.0,473,102.73,Nitrogen,90.01,0.0,0.0,9.99,10.27,60.0,0.18,"Downflow, Packed Bed",PBR_000001,0.44,0.21,3.85,64.0,0.0,36.0,0.01,Abdelrahman Catalysis Research Laboratory,0009-0004-1407-1640,Department of Energy,DE-SC0023464,Methanol Dehydrogenation,0.0,0.0,0.0,0.0,,,
MDH-0024,Gold,Carbon,5.0,196.97,Cat_M_000008,6.9,2.7,Transmission Electron Microscopy,106 - 250,10.0,453,102.73,Nitrogen,90.01,0.0,0.0,9.99,10.27,60.0,0.18,"Downflow, Packed Bed",PBR_000001,0.26,0.21,2.29,54.0,0.0,46.0,0.01,Abdelrahman Catalysis Research Laboratory,0009-0004-1407-1640,Department of Energy,DE-SC0023464,Methanol Dehydrogenation,0.0,0.0,0.0,0.0,,,
MDH-0025,Gold,Carbon,5.0,196.97,Cat_M_000008,6.9,2.7,Transmission Electron Microscopy,106 - 250,10.0,463,102.73,Nitrogen,90.01,0.0,0.0,9.99,10.27,60.0,0.18,"Downflow, Packed Bed",PBR_000001,0.33,0.21,2.9,60.0,0.0,40.0,0.01,Abdelrahman Catalysis Research Laboratory,0009-0004-1407-1640,Department of Energy,DE-SC0023464,Methanol Dehydrogenation,0.0,0.0,0.0,0.0,,,
MDH-0026,Gold,Carbon,5.0,196.97,Cat_M_000008,6.9,2.7,Transmission Electron Microscopy,106 - 250,10.0,483,102.73,Nitrogen,90.01,0.0,0.0,9.99,10.27,60.0,0.18,"Downflow, Packed Bed",PBR_000001,0.55,0.21,4.82,70.0,0.0,30.0,0.02,Abdelrahman Catalysis Research Laboratory,0009-0004-1407-1640,Department of Energy,DE-SC0023464,Methanol Dehydrogenation,0.0,0.0,0.0,0.0,,,
MDH-0027,Gold,Carbon,5.0,196.97,Cat_M_000008,6.9,2.7,Transmission Electron Microscopy,106 - 250,10.0,493,102.73,Nitrogen,90.01,0.0,0.0,9.99,10.27,60.0,0.18,"Downflow, Packed Bed",PBR_000001,0.69,0.21,6.04,74.0,0.0,26.0,0.02,Abdelrahman Catalysis Research Laboratory,0009-0004-1407-1640,Department of Energy,DE-SC0023464,Methanol Dehydrogenation,0.0,0.0,0.0,0.0,,,
MDH-0028,Gold,Carbon,5.0,196.97,Cat_M_000008,6.9,2.7,Transmission Electron Microscopy,106 - 250,10.0,473,102.73,Nitrogen,97.53,0.0,0.0,2.47,2.54,263.0,0.72,"Downflow, Packed Bed",PBR_000001,0.24,0.21,2.14,67.0,0.0,33.0,0.01,Abdelrahman Catalysis Research Laboratory,0009-0004-1407-1640,Department of Energy,DE-SC0023464,Methanol Dehydrogenation,0.0,0.0,0.0,0.0,,,
MDH-0029,Gold,Carbon,5.0,196.97,Cat_M_000008,6.9,2.7,Transmission Electron Microscopy,106 - 250,10.0,473,102.73,Nitrogen,95.05,0.0,0.0,4.95,5.09,128.0,0.36,"Downflow, Packed Bed",PBR_000001,0.32,0.21,2.78,68.0,0.0,32.0,0.01,Abdelrahman Catalysis Research Laboratory,0009-0004-1407-1640,Department of Energy,DE-SC0023464,Methanol Dehydrogenation,0.0,0.0,0.0,0.0,,,
MDH-0030,Gold,Carbon,5.0,196.97,Cat_M_000008,6.9,2.7,Transmission Electron Microscopy,106 - 250,10.0,473,102.73,Nitrogen,80.2,0.0,0.0,19.8,20.34,27.0,0.09,"Downflow, Packed Bed",PBR_000001,0.58,0.21,5.09,67.0,0.0,33.0,0.04,Abdelrahman Catalysis Research Laboratory,0009-0004-1407-1640,Department of Energy,DE-SC0023464,Methanol Dehydrogenation,0.0,0.0,0.0,0.0,,,
MDH-0031,Silver,Carbon,5.0,107.87,Cat_M_000009,51.5,11.1,Transmission Electron Microscopy,106 - 250,10.0,473,102.73,Nitrogen,90.01,0.0,0.0,9.99,10.27,60.0,0.18,"Downflow, Packed Bed",PBR_000001,0.28,0.09,0.32,57.0,0.0,43.0,0.01,Abdelrahman Catalysis Research Laboratory,0009-0004-1407-1640,Department of Energy,DE-SC0023464,Methanol Dehydrogenation,0.0,0.0,0.0,0.0,,,
MDH-0032,Silver,Carbon,5.0,107.87,Cat_M_000009,51.5,11.1,Transmission Electron Microscopy,106 - 250,10.0,453,102.73,Nitrogen,90.01,0.0,0.0,9.99,10.27,60.0,0.18,"Downflow, Packed Bed",PBR_000001,0.17,0.09,0.19,39.0,0.0,61.0,0,Abdelrahman Catalysis Research Laboratory,0009-0004-1407-1640,Department of Energy,DE-SC0023464,Methanol Dehydrogenation,0.0,0.0,0.0,0.0,,,
MDH-0033,Silver,Carbon,5.0,107.87,Cat_M_000009,51.5,11.1,Transmission Electron Microscopy,106 - 250,10.0,463,102.73,Nitrogen,90.01,0.0,0.0,9.99,10.27,60.0,0.18,"Downflow, Packed Bed",PBR_000001,0.2,0.09,0.24,45.0,0.0,55.0,0.01,Abdelrahman Catalysis Research Laboratory,0009-0004-1407-1640,Department of Energy,DE-SC0023464,Methanol Dehydrogenation,0.0,0.0,0.0,0.0,,,
MDH-0034,Silver,Carbon,5.0,107.87,Cat_M_000009,51.5,11.1,Transmission Electron Microscopy,106 - 250,10.0,483,102.73,Nitrogen,90.01,0.0,0.0,9.99,10.27,60.0,0.18,"Downflow, Packed Bed",PBR_000001,0.36,0.09,0.42,62.0,0.0,38.0,0.01,Abdelrahman Catalysis Research Laboratory,0009-0004-1407-1640,Department of Energy,DE-SC0023464,Methanol Dehydrogenation,0.0,0.0,0.0,0.0,,,
MDH-0035,Silver,Carbon,5.0,107.87,Cat_M_000009,51.5,11.1,Transmission Electron Microscopy,106 - 250,10.0,493,102.73,Nitrogen,90.01,0.0,0.0,9.99,10.27,60.0,0.18,"Downflow, Packed Bed",PBR_000001,0.46,0.09,0.54,68.0,0.0,32.0,0.01,Abdelrahman Catalysis Research Laboratory,0009-0004-1407-1640,Department of Energy,DE-SC0023464,Methanol Dehydrogenation,0.0,0.0,0.0,0.0,,,
MDH-0036,Silver,Carbon,5.0,107.87,Cat_M_000009,51.5,11.1,Transmission Electron Microscopy,106 - 250,10.0,473,102.73,Nitrogen,97.53,0.0,0.0,2.47,2.54,263.0,0.72,"Downflow, Packed Bed",PBR_000001,0.16,0.09,0.18,51.0,0.0,49.0,0,Abdelrahman Catalysis Research Laboratory,0009-0004-1407-1640,Department of Energy,DE-SC0023464,Methanol Dehydrogenation,0.0,0.0,0.0,0.0,,,
MDH-0037,Silver,Carbon,5.0,107.87,Cat_M_000009,51.5,11.1,Transmission Electron Microscopy,106 - 250,10.0,473,102.73,Nitrogen,95.05,0.0,0.0,4.95,5.09,128.0,0.36,"Downflow, Packed Bed",PBR_000001,0.2,0.09,0.23,51.0,0.0,49.0,0.01,Abdelrahman Catalysis Research Laboratory,0009-0004-1407-1640,Department of Energy,DE-SC0023464,Methanol Dehydrogenation,0.0,0.0,0.0,0.0,,,
MDH-0038,Silver,Carbon,5.0,107.87,Cat_M_000009,51.5,11.1,Transmission Electron Microscopy,106 - 250,10.0,473,102.73,Nitrogen,80.2,0.0,0.0,19.8,20.34,27.0,0.09,"Downflow, Packed Bed",PBR_000001,0.39,0.09,0.46,56.0,0.0,44.0,0.01,Abdelrahman Catalysis Research Laboratory,0009-0004-1407-1640,Department of Energy,DE-SC0023464,Methanol Dehydrogenation,0.0,0.0,0.0,0.0,,,
MDH-0039,Copper,Carbon,5.0,63.55,Cat_M_000011,22.8,2.9,Transmission Electron Microscopy,106 - 250,11.0,473,102.73,Nitrogen,90.01,0.0,0.0,9.99,10.27,60.0,0.18,"Downflow, Packed Bed",PBR_000001,0.2,0.14,0.54,48.0,0.0,52.0,0,Abdelrahman Catalysis Research Laboratory,0009-0004-1407-1640,Department of Energy,DE-SC0023464,Methanol Dehydrogenation,0.0,0.0,0.0,0.0,,,
MDH-0040,Copper,Carbon,5.0,63.55,Cat_M_000011,22.8,2.9,Transmission Electron Microscopy,106 - 250,11.0,453,102.73,Nitrogen,90.01,0.0,0.0,9.99,10.27,60.0,0.18,"Downflow, Packed Bed",PBR_000001,0.14,0.14,0.38,39.0,0.0,61.0,0,Abdelrahman Catalysis Research Laboratory,0009-0004-1407-1640,Department of Energy,DE-SC0023464,Methanol Dehydrogenation,0.0,0.0,0.0,0.0,,,
MDH-0041,Copper,Carbon,5.0,63.55,Cat_M_000011,22.8,2.9,Transmission Electron Microscopy,106 - 250,11.0,463,102.73,Nitrogen,90.01,0.0,0.0,9.99,10.27,60.0,0.18,"Downflow, Packed Bed",PBR_000001,0.17,0.14,0.44,46.0,0.0,54.0,0,Abdelrahman Catalysis Research Laboratory,0009-0004-1407-1640,Department of Energy,DE-SC0023464,Methanol Dehydrogenation,0.0,0.0,0.0,0.0,,,
MDH-0042,Copper,Carbon,5.0,63.55,Cat_M_000011,22.8,2.9,Transmission Electron Microscopy,106 - 250,11.0,483,102.73,Nitrogen,90.01,0.0,0.0,9.99,10.27,60.0,0.18,"Downflow, Packed Bed",PBR_000001,0.25,0.14,0.66,61.0,0.0,39.0,0.01,Abdelrahman Catalysis Research Laboratory,0009-0004-1407-1640,Department of Energy,DE-SC0023464,Methanol Dehydrogenation,0.0,0.0,0.0,0.0,,,
MDH-0043,Copper,Carbon,5.0,63.55,Cat_M_000011,22.8,2.9,Transmission Electron Microscopy,106 - 250,11.0,493,102.73,Nitrogen,90.01,0.0,0.0,9.99,10.27,60.0,0.18,"Downflow, Packed Bed",PBR_000001,0.31,0.14,0.81,64.0,0.0,36.0,0.01,Abdelrahman Catalysis Research Laboratory,0009-0004-1407-1640,Department of Energy,DE-SC0023464,Methanol Dehydrogenation,0.0,0.0,0.0,0.0,,,
MDH-0044,Copper,Carbon,5.0,63.55,Cat_M_000011,22.8,2.9,Transmission Electron Microscopy,106 - 250,11.0,473,102.73,Nitrogen,97.53,0.0,0.0,2.47,2.54,263.0,0.72,"Downflow, Packed Bed",PBR_000001,0.15,0.14,0.39,42.0,0.0,58.0,0,Abdelrahman Catalysis Research Laboratory,0009-0004-1407-1640,Department of Energy,DE-SC0023464,Methanol Dehydrogenation,0.0,0.0,0.0,0.0,,,
MDH-0045,Copper,Carbon,5.0,63.55,Cat_M_000011,22.8,2.9,Transmission Electron Microscopy,106 - 250,11.0,473,102.73,Nitrogen,95.05,0.0,0.0,4.95,5.09,128.0,0.36,"Downflow, Packed Bed",PBR_000001,0.15,0.14,0.38,47.0,0.0,53.0,0,Abdelrahman Catalysis Research Laboratory,0009-0004-1407-1640,Department of Energy,DE-SC0023464,Methanol Dehydrogenation,0.0,0.0,0.0,0.0,,,
MDH-0046,Copper,Carbon,5.0,63.55,Cat_M_000011,22.8,2.9,Transmission Electron Microscopy,106 - 250,11.0,473,102.73,Nitrogen,80.2,0.0,0.0,19.8,20.34,27.0,0.09,"Downflow, Packed Bed",PBR_000001,0.29,0.14,0.75,51.0,0.0,49.0,0.01,Abdelrahman Catalysis Research Laboratory,0009-0004-1407-1640,Department of Energy,DE-SC0023464,Methanol Dehydrogenation,0.0,0.0,0.0,0.0,,,
MDH-0047,Ruthenium,Carbon,5.0,101.07,Cat_M_000006,103.9,21.0,CO dynamic chemisorption,106 - 250,11.0,453,102.73,Nitrogen,90.01,0.0,0.0,9.99,10.27,60.0,0.18,"Downflow, Packed Bed",PBR_000001,59.75,23.25,34.51,94.0,0.0,6.0,0.6,Abdelrahman Catalysis Research Laboratory,0009-0004-1407-1640,Department of Energy,DE-SC0023464,Methanol Dehydrogenation,0.0,0.0,0.0,0.0,,,
MDH-0048,Ruthenium,Carbon,5.0,101.07,Cat_M_000006,103.9,21.0,CO dynamic chemisorption,106 - 250,11.0,463,102.73,Nitrogen,90.01,0.0,0.0,9.99,10.27,60.0,0.18,"Downflow, Packed Bed",PBR_000001,88.3,23.25,50.99,95.0,0.0,5.0,0.9,Abdelrahman Catalysis Research Laboratory,0009-0004-1407-1640,Department of Energy,DE-SC0023464,Methanol Dehydrogenation,0.0,0.0,0.0,0.0,,,
MDH-0049,Ruthenium,Carbon,5.0,101.07,Cat_M_000006,103.9,21.0,CO dynamic chemisorption,106 - 250,11.0,483,102.73,Nitrogen,90.01,0.0,0.0,9.99,10.27,60.0,0.18,"Downflow, Packed Bed",PBR_000001,183.61,23.25,106.04,97.0,0.0,3.0,1.8,Abdelrahman Catalysis Research Laboratory,0009-0004-1407-1640,Department of Energy,DE-SC0023464,Methanol Dehydrogenation,0.0,0.0,0.0,0.0,,,
MDH-0050,Ruthenium,Carbon,5.0,101.07,Cat_M_000006,103.9,21.0,CO dynamic chemisorption,106 - 250,11.0,493,102.73,Nitrogen,90.01,0.0,0.0,9.99,10.27,60.0,0.18,"Downflow, Packed Bed",PBR_000001,255.12,23.25,147.34,98.0,0.0,2.0,2.6,Abdelrahman Catalysis Research Laboratory,0009-0004-1407-1640,Department of Energy,DE-SC0023464,Methanol Dehydrogenation,0.0,0.0,0.0,0.0,,,
MDH-0051,Ruthenium,Carbon,5.0,101.07,Cat_M_000006,103.9,21.0,CO dynamic chemisorption,106 - 250,11.0,473,102.73,Nitrogen,97.53,0.0,0.0,2.47,2.54,263.0,0.72,"Downflow, Packed Bed",PBR_000001,145.31,23.25,83.92,97.0,0.0,3.0,1.1,Abdelrahman Catalysis Research Laboratory,0009-0004-1407-1640,Department of Energy,DE-SC0023464,Methanol Dehydrogenation,0.0,0.0,0.0,0.0,,,
MDH-0052,Ruthenium,Carbon,5.0,101.07,Cat_M_000006,103.9,21.0,CO dynamic chemisorption,106 - 250,11.0,473,102.73,Nitrogen,95.05,0.0,0.0,4.95,5.09,128.0,0.36,"Downflow, Packed Bed",PBR_000001,133.99,23.25,77.38,97.0,0.0,3.0,1.2,Abdelrahman Catalysis Research Laboratory,0009-0004-1407-1640,Department of Energy,DE-SC0023464,Methanol Dehydrogenation,0.0,0.0,0.0,0.0,,,
MDH-0053,Ruthenium,Carbon,5.0,101.07,Cat_M_000006,103.9,21.0,CO dynamic chemisorption,106 - 250,11.0,473,102.73,Nitrogen,80.2,0.0,0.0,19.8,20.34,27.0,0.09,"Downflow, Packed Bed",PBR_000001,127.14,23.25,73.43,95.0,0.0,5.0,1.9,Abdelrahman Catalysis Research Laboratory,0009-0004-1407-1640,Department of Energy,DE-SC0023464,Methanol Dehydrogenation,0.0,0.0,0.0,0.0,,,
MDH-0054,Platinum,Silica,1.0,195.08,Cat_M_000001,14.7,30.1,CO dynamic chemisorption,106 - 250,12.0,453,102.73,Nitrogen,90.01,0.0,0.0,9.99,10.27,60.0,0.18,"Downflow, Packed Bed",PBR_000001,7.82,2.1,32.0,71.0,1.0,28.0,0.08,Abdelrahman Catalysis Research Laboratory,0009-0004-1407-1640,Department of Energy,DE-SC0023464,Methanol Dehydrogenation,0.0,0.0,0.0,0.0,,,
MDH-0055,Platinum,Silica,1.0,195.08,Cat_M_000001,14.7,30.1,CO dynamic chemisorption,106 - 250,12.0,463,102.73,Nitrogen,90.01,0.0,0.0,9.99,10.27,60.0,0.18,"Downflow, Packed Bed",PBR_000001,10.74,2.1,43.96,78.0,2.0,20.0,0.12,Abdelrahman Catalysis Research Laboratory,0009-0004-1407-1640,Department of Energy,DE-SC0023464,Methanol Dehydrogenation,0.0,0.0,0.0,0.0,,,
MDH-0056,Platinum,Silica,1.0,195.08,Cat_M_000001,14.7,30.1,CO dynamic chemisorption,106 - 250,12.0,483,102.73,Nitrogen,90.01,0.0,0.0,9.99,10.27,60.0,0.18,"Downflow, Packed Bed",PBR_000001,22.43,2.1,91.81,88.0,2.0,10.0,0.24,Abdelrahman Catalysis Research Laboratory,0009-0004-1407-1640,Department of Energy,DE-SC0023464,Methanol Dehydrogenation,0.0,0.0,0.0,0.0,,,
MDH-0057,Platinum,Silica,1.0,195.08,Cat_M_000001,14.7,30.1,CO dynamic chemisorption,106 - 250,12.0,493,102.73,Nitrogen,90.01,0.0,0.0,9.99,10.27,60.0,0.18,"Downflow, Packed Bed",PBR_000001,30.01,2.1,122.85,90.0,3.0,7.0,0.36,Abdelrahman Catalysis Research Laboratory,0009-0004-1407-1640,Department of Energy,DE-SC0023464,Methanol Dehydrogenation,0.0,0.0,0.0,0.0,,,
MDH-0058,Platinum,Silica,1.0,195.08,Cat_M_000001,14.7,30.1,CO dynamic chemisorption,106 - 250,12.0,473,102.73,Nitrogen,97.53,0.0,0.0,2.47,2.54,263.0,0.72,"Downflow, Packed Bed",PBR_000001,19.15,2.1,78.4,88.0,2.0,10.0,0.15,Abdelrahman Catalysis Research Laboratory,0009-0004-1407-1640,Department of Energy,DE-SC0023464,Methanol Dehydrogenation,0.0,0.0,0.0,0.0,,,
MDH-0059,Platinum,Silica,1.0,195.08,Cat_M_000001,14.7,30.1,CO dynamic chemisorption,106 - 250,12.0,473,102.73,Nitrogen,95.05,0.0,0.0,4.95,5.09,128.0,0.36,"Downflow, Packed Bed",PBR_000001,17.04,2.1,69.76,86.0,2.0,12.0,0.17,Abdelrahman Catalysis Research Laboratory,0009-0004-1407-1640,Department of Energy,DE-SC0023464,Methanol Dehydrogenation,0.0,0.0,0.0,0.0,,,
MDH-0060,Platinum,Silica,1.0,195.08,Cat_M_000001,14.7,30.1,CO dynamic chemisorption,106 - 250,12.0,473,102.73,Nitrogen,80.2,0.0,0.0,19.8,20.34,27.0,0.09,"Downflow, Packed Bed",PBR_000001,16.25,2.1,66.53,83.0,2.0,15.0,0.29,Abdelrahman Catalysis Research Laboratory,0009-0004-1407-1640,Department of Energy,DE-SC0023464,Methanol Dehydrogenation,0.0,0.0,0.0,0.0,,,
MDH-0061,Platinum,Carbon,5.0,195.08,Cat_M_000004,73.0,28.5,CO dynamic chemisorption,106 - 250,11.0,453,102.73,Nitrogen,90.01,0.0,0.0,9.99,10.27,60.0,0.18,"Downflow, Packed Bed",PBR_000001,23.79,14.54,19.54,82.0,0.0,18.0,0.12,Abdelrahman Catalysis Research Laboratory,0009-0004-1407-1640,Department of Energy,DE-SC0023464,Methanol Dehydrogenation,0.0,0.0,0.0,0.0,,,
MDH-0062,Platinum,Carbon,5.0,195.08,Cat_M_000004,73.0,28.5,CO dynamic chemisorption,106 - 250,11.0,463,102.73,Nitrogen,90.01,0.0,0.0,9.99,10.27,60.0,0.18,"Downflow, Packed Bed",PBR_000001,35.39,14.54,29.07,89.0,0.0,11.0,0.18,Abdelrahman Catalysis Research Laboratory,0009-0004-1407-1640,Department of Energy,DE-SC0023464,Methanol Dehydrogenation,0.0,0.0,0.0,0.0,,,
MDH-0063,Platinum,Carbon,5.0,195.08,Cat_M_000004,73.0,28.5,CO dynamic chemisorption,106 - 250,11.0,483,102.73,Nitrogen,90.01,0.0,0.0,9.99,10.27,60.0,0.18,"Downflow, Packed Bed",PBR_000001,81.24,14.54,66.73,95.0,0.0,5.0,0.41,Abdelrahman Catalysis Research Laboratory,0009-0004-1407-1640,Department of Energy,DE-SC0023464,Methanol Dehydrogenation,0.0,0.0,0.0,0.0,,,
MDH-0064,Platinum,Carbon,5.0,195.08,Cat_M_000004,73.0,28.5,CO dynamic chemisorption,106 - 250,11.0,493,102.73,Nitrogen,90.01,0.0,0.0,9.99,10.27,60.0,0.18,"Downflow, Packed Bed",PBR_000001,121.63,14.54,99.91,96.0,0.0,4.0,0.61,Abdelrahman Catalysis Research Laboratory,0009-0004-1407-1640,Department of Energy,DE-SC0023464,Methanol Dehydrogenation,0.0,0.0,0.0,0.0,,,
MDH-0065,Platinum,Carbon,5.0,195.08,Cat_M_000004,73.0,28.5,CO dynamic chemisorption,106 - 250,11.0,473,102.73,Nitrogen,97.53,0.0,0.0,2.47,2.54,263.0,0.72,"Downflow, Packed Bed",PBR_000001,62.56,14.54,51.39,93.0,0.0,7.0,0.24,Abdelrahman Catalysis Research Laboratory,0009-0004-1407-1640,Department of Energy,DE-SC0023464,Methanol Dehydrogenation,0.0,0.0,0.0,0.0,,,
MDH-0066,Platinum,Carbon,5.0,195.08,Cat_M_000004,73.0,28.5,CO dynamic chemisorption,106 - 250,11.0,473,102.73,Nitrogen,95.05,0.0,0.0,4.95,5.09,128.0,0.36,"Downflow, Packed Bed",PBR_000001,59.02,14.54,48.48,93.0,0.0,7.0,0.28,Abdelrahman Catalysis Research Laboratory,0009-0004-1407-1640,Department of Energy,DE-SC0023464,Methanol Dehydrogenation,0.0,0.0,0.0,0.0,,,
MDH-0067,Platinum,Carbon,5.0,195.08,Cat_M_000004,73.0,28.5,CO dynamic chemisorption,106 - 250,11.0,473,102.73,Nitrogen,80.2,0.0,0.0,19.8,20.34,27.0,0.09,"Downflow, Packed Bed",PBR_000001,51.78,14.54,42.53,92.0,0.0,8.0,0.47,Abdelrahman Catalysis Research Laboratory,0009-0004-1407-1640,Department of Energy,DE-SC0023464,Methanol Dehydrogenation,0.0,0.0,0.0,0.0,,,
MDH-0068,Iridium,Carbon,1.0,192.22,Cat_M_000003,7.9,15.1,CO dynamic chemisorption,106 - 250,9.0,453,102.73,Nitrogen,90.01,0.0,0.0,9.99,10.27,60.0,0.18,"Downflow, Packed Bed",PBR_000001,4.55,3.46,34.76,50.0,0.0,50.0,0.04,Abdelrahman Catalysis Research Laboratory,0009-0004-1407-1640,Department of Energy,DE-SC0023464,Methanol Dehydrogenation,0.0,0.0,0.0,0.0,,,
MDH-0069,Iridium,Carbon,1.0,192.22,Cat_M_000003,7.9,15.1,CO dynamic chemisorption,106 - 250,9.0,463,102.73,Nitrogen,90.01,0.0,0.0,9.99,10.27,60.0,0.18,"Downflow, Packed Bed",PBR_000001,7.41,3.46,56.58,64.0,0.0,36.0,0.07,Abdelrahman Catalysis Research Laboratory,0009-0004-1407-1640,Department of Energy,DE-SC0023464,Methanol Dehydrogenation,0.0,0.0,0.0,0.0,,,
MDH-0070,Iridium,Carbon,1.0,192.22,Cat_M_000003,7.9,15.1,CO dynamic chemisorption,106 - 250,9.0,483,102.73,Nitrogen,90.01,0.0,0.0,9.99,10.27,60.0,0.18,"Downflow, Packed Bed",PBR_000001,20.05,3.46,153.17,83.0,0.0,17.0,0.16,Abdelrahman Catalysis Research Laboratory,0009-0004-1407-1640,Department of Energy,DE-SC0023464,Methanol Dehydrogenation,0.0,0.0,0.0,0.0,,,
MDH-0071,Iridium,Carbon,1.0,192.22,Cat_M_000003,7.9,15.1,CO dynamic chemisorption,106 - 250,9.0,493,102.73,Nitrogen,90.01,0.0,0.0,9.99,10.27,60.0,0.18,"Downflow, Packed Bed",PBR_000001,33.55,3.46,256.22,88.0,0.0,12.0,0.27,Abdelrahman Catalysis Research Laboratory,0009-0004-1407-1640,Department of Energy,DE-SC0023464,Methanol Dehydrogenation,0.0,0.0,0.0,0.0,,,
MDH-0072,Iridium,Carbon,1.0,192.22,Cat_M_000003,7.9,15.1,CO dynamic chemisorption,106 - 250,11.0,473,102.73,Nitrogen,97.53,0.0,0.0,2.47,2.54,263.0,0.72,"Downflow, Packed Bed",PBR_000001,15.57,3.46,118.89,78.0,0.0,22.0,0.07,Abdelrahman Catalysis Research Laboratory,0009-0004-1407-1640,Department of Energy,DE-SC0023464,Methanol Dehydrogenation,0.0,0.0,0.0,0.0,,,
MDH-0073,Iridium,Carbon,1.0,192.22,Cat_M_000003,7.9,15.1,CO dynamic chemisorption,106 - 250,11.0,473,102.73,Nitrogen,95.05,0.0,0.0,4.95,5.09,128.0,0.36,"Downflow, Packed Bed",PBR_000001,13.56,3.46,103.6,71.0,0.0,29.0,0.07,Abdelrahman Catalysis Research Laboratory,0009-0004-1407-1640,Department of Energy,DE-SC0023464,Methanol Dehydrogenation,0.0,0.0,0.0,0.0,,,
MDH-0074,Iridium,Carbon,1.0,192.22,Cat_M_000003,7.9,15.1,CO dynamic chemisorption,106 - 250,11.0,473,102.73,Nitrogen,80.2,0.0,0.0,19.8,20.34,27.0,0.09,"Downflow, Packed Bed",PBR_000001,12.1,3.46,92.39,65.0,0.0,35.0,0.07,Abdelrahman Catalysis Research Laboratory,0009-0004-1407-1640,Department of Energy,DE-SC0023464,Methanol Dehydrogenation,0.0,0.0,0.0,0.0,,,
MDH-0075,Rhodium,Carbon,5.0,102.91,Cat_M_000007,290.1,59.7,CO dynamic chemisorption,106 - 250,16.0,453,102.73,Nitrogen,90.01,0.0,0.0,9.99,10.27,60.0,0.18,"Downflow, Packed Bed",PBR_000001,12.74,5.04,2.18,87.0,0.0,13.0,0.16,Abdelrahman Catalysis Research Laboratory,0009-0004-1407-1640,Department of Energy,DE-SC0023464,Methanol Dehydrogenation,0.0,0.0,0.0,0.0,,,
MDH-0076,Rhodium,Carbon,5.0,102.91,Cat_M_000007,290.1,59.7,CO dynamic chemisorption,106 - 250,16.0,463,102.73,Nitrogen,90.01,0.0,0.0,9.99,10.27,60.0,0.18,"Downflow, Packed Bed",PBR_000001,20.29,5.04,3.47,92.0,0.0,8.0,0.24,Abdelrahman Catalysis Research Laboratory,0009-0004-1407-1640,Department of Energy,DE-SC0023464,Methanol Dehydrogenation,0.0,0.0,0.0,0.0,,,
MDH-0077,Rhodium,Carbon,5.0,102.91,Cat_M_000007,290.1,59.7,CO dynamic chemisorption,106 - 250,16.0,483,102.73,Nitrogen,90.01,0.0,0.0,9.99,10.27,60.0,0.18,"Downflow, Packed Bed",PBR_000001,43.0,5.04,7.36,97.0,0.0,3.0,0.56,Abdelrahman Catalysis Research Laboratory,0009-0004-1407-1640,Department of Energy,DE-SC0023464,Methanol Dehydrogenation,0.0,0.0,0.0,0.0,,,
MDH-0078,Rhodium,Carbon,5.0,102.91,Cat_M_000007,290.1,59.7,CO dynamic chemisorption,106 - 250,16.0,493,102.73,Nitrogen,90.01,0.0,0.0,9.99,10.27,60.0,0.18,"Downflow, Packed Bed",PBR_000001,73.8,5.04,12.63,98.0,0.0,2.0,0.81,Abdelrahman Catalysis Research Laboratory,0009-0004-1407-1640,Department of Energy,DE-SC0023464,Methanol Dehydrogenation,0.0,0.0,0.0,0.0,,,
MDH-0079,Rhodium,Carbon,5.0,102.91,Cat_M_000007,290.1,59.7,CO dynamic chemisorption,106 - 250,16.0,473,102.73,Nitrogen,97.53,0.0,0.0,2.47,2.54,263.0,0.72,"Downflow, Packed Bed",PBR_000001,28.51,5.04,4.88,95.0,0.0,5.0,0.32,Abdelrahman Catalysis Research Laboratory,0009-0004-1407-1640,Department of Energy,DE-SC0023464,Methanol Dehydrogenation,0.0,0.0,0.0,0.0,,,
MDH-0080,Rhodium,Carbon,5.0,102.91,Cat_M_000007,290.1,59.7,CO dynamic chemisorption,106 - 250,16.0,473,102.73,Nitrogen,95.05,0.0,0.0,4.95,5.09,128.0,0.36,"Downflow, Packed Bed",PBR_000001,27.06,5.04,4.63,95.0,0.0,5.0,0.37,Abdelrahman Catalysis Research Laboratory,0009-0004-1407-1640,Department of Energy,DE-SC0023464,Methanol Dehydrogenation,0.0,0.0,0.0,0.0,,,
MDH-0081,Rhodium,Carbon,5.0,102.91,Cat_M_000007,290.1,59.7,CO dynamic chemisorption,106 - 250,16.0,473,102.73,Nitrogen,80.2,0.0,0.0,19.8,20.34,27.0,0.09,"Downflow, Packed Bed",PBR_000001,24.54,5.04,4.2,94.0,0.0,6.0,0.54,Abdelrahman Catalysis Research Laboratory,0009-0004-1407-1640,Department of Energy,DE-SC0023464,Methanol Dehydrogenation,0.0,0.0,0.0,0.0,,,
MDH-0082,Nickel,Carbon,5.0,58.69,Cat_M_000014,1.7,0.2,CO dynamic chemisorption,106 - 250,16.0,473,102.73,Nitrogen,90.01,0.0,0.0,9.99,10.27,60.0,0.18,"Downflow, Packed Bed",PBR_000001,1.31,0.54,45.96,93.0,0.0,7.0,0.02,Abdelrahman Catalysis Research Laboratory,0009-0004-1407-1640,Department of Energy,DE-SC0023464,Methanol Dehydrogenation,0.0,0.0,0.0,0.0,,,
MDH-0083,Platinum,Silica,3.1,195.08,Cat_M_000002,14.0,8.5,CO static chemisorption,<1000,,473,101.33,Helium,99.1,0.0,0.0,0.9,0.91,,,"Downflow, Packed Bed",PBR_000002,20.76,,92.6,92.0,8.0,0.0,<5,10.1007/s11244-006-0001-1,0000-0002-9114-555X,National Science Foundation,CTS-0327959,Methanol Dehydrogenation,0.0,0.0,0.0,0.0,,,
MDH-0084,Platinum,Silica,3.1,195.08,Cat_M_000002,14.0,8.5,CO static chemisorption,<1000,,473,101.33,Helium,98.76,0.14,0.0,1.1,1.11,,,"Downflow, Packed Bed",PBR_000002,12.38,,55.2,93.0,7.0,0.0,<5,10.1007/s11244-006-0001-1,0000-0002-9114-555X,National Science Foundation,CTS-0327959,Methanol Dehydrogenation,0.0,0.0,0.0,0.0,,,
MDH-0085,Platinum,Silica,3.1,195.08,Cat_M_000002,14.0,8.5,CO static chemisorption,<1000,,473,101.33,Helium,98.85,0.0,0.25,0.9,0.91,,,"Downflow, Packed Bed",PBR_000002,20.99,,93.6,90.0,10.0,0.0,<5,10.1007/s11244-006-0001-1,0000-0002-9114-555X,National Science Foundation,CTS-0327959,Methanol Dehydrogenation,0.0,0.0,0.0,0.0,,,
MDH-0086,Platinum,Silica,3.1,195.08,Cat_M_000002,14.0,8.5,CO static chemisorption,<1000,,473,101.33,Helium,90.3,0.0,0.0,9.7,9.83,,,"Downflow, Packed Bed",PBR_000002,28.95,,129.1,93.0,7.0,0.0,<5,10.1007/s11244-006-0001-1,0000-0002-9114-555X,National Science Foundation,CTS-0327959,Methanol Dehydrogenation,0.0,0.0,0.0,0.0,,,
MDH-0087,Platinum,Silica,3.1,195.08,Cat_M_000002,14.0,8.5,CO static chemisorption,<1000,,473,101.33,Helium,89.39,0.01,0.0,10.6,10.74,,,"Downflow, Packed Bed",PBR_000002,29.62,,132.1,91.0,9.0,0.0,<5,10.1007/s11244-006-0001-1,0000-0002-9114-555X,National Science Foundation,CTS-0327959,Methanol Dehydrogenation,0.0,0.0,0.0,0.0,,,
MDH-0088,Platinum,Silica,3.1,195.08,Cat_M_000002,14.0,8.5,CO static chemisorption,<1000,,473,101.33,Helium,89.68,0.02,0.0,10.3,10.44,,,"Downflow, Packed Bed",PBR_000002,26.82,,119.6,92.0,8.0,0.0,<5,10.1007/s11244-006-0001-1,0000-0002-9114-555X,National Science Foundation,CTS-0327959,Methanol Dehydrogenation,0.0,0.0,0.0,0.0,,,
MDH-0089,Platinum,Silica,3.1,195.08,Cat_M_000002,14.0,8.5,CO static chemisorption,<1000,,473,101.33,Helium,89.46,0.14,0.0,10.4,10.54,,,"Downflow, Packed Bed",PBR_000002,20.43,,91.1,92.0,8.0,0.0,<5,10.1007/s11244-006-0001-1,0000-0002-9114-555X,National Science Foundation,CTS-0327959,Methanol Dehydrogenation,0.0,0.0,0.0,0.0,,,
MDH-0090,Platinum,Silica,3.1,195.08,Cat_M_000002,14.0,8.5,CO static chemisorption,<1000,,473,101.33,Helium,88.94,0.0,0.36,10.7,10.84,,,"Downflow, Packed Bed",PBR_000002,31.12,,138.8,90.0,10.0,0.0,<5,10.1007/s11244-006-0001-1,0000-0002-9114-555X,National Science Foundation,CTS-0327959,Methanol Dehydrogenation,0.0,0.0,0.0,0.0,,,
MDH-0091,Platinum,Silica,3.1,195.08,Cat_M_000002,14.0,8.5,CO static chemisorption,<1000,,498,101.33,Helium,99.1,0.0,0.0,0.9,0.91,,,"Downflow, Packed Bed",PBR_000002,38.12,,170.0,92.0,8.0,0.0,<5,10.1007/s11244-006-0001-1,0000-0002-9114-555X,National Science Foundation,CTS-0327959,Methanol Dehydrogenation,0.0,0.0,0.0,0.0,,,
MDH-0092,Platinum,Silica,3.1,195.08,Cat_M_000002,14.0,8.5,CO static chemisorption,<1000,,498,101.33,Helium,98.98,0.12,0.0,0.9,0.91,,,"Downflow, Packed Bed",PBR_000002,31.84,,142.0,93.0,7.0,0.0,<5,10.1007/s11244-006-0001-1,0000-0002-9114-555X,National Science Foundation,CTS-0327959,Methanol Dehydrogenation,0.0,0.0,0.0,0.0,,,
MDH-0093,Platinum,Silica,3.1,195.08,Cat_M_000002,14.0,8.5,CO static chemisorption,<1000,,498,101.33,Helium,98.61,0.0,0.49,0.9,0.91,,,"Downflow, Packed Bed",PBR_000002,42.51,,189.6,91.0,9.0,0.0,<5,10.1007/s11244-006-0001-1,0000-0002-9114-555X,National Science Foundation,CTS-0327959,Methanol Dehydrogenation,0.0,0.0,0.0,0.0,,,
MDH-0094,Platinum,Silica,3.1,195.08,Cat_M_000002,14.0,8.5,CO static chemisorption,<1000,,498,101.33,Helium,89.8,0.0,0.0,10.2,10.34,,,"Downflow, Packed Bed",PBR_000002,67.2,,299.7,93.0,7.0,0.0,<5,10.1007/s11244-006-0001-1,0000-0002-9114-555X,National Science Foundation,CTS-0327959,Methanol Dehydrogenation,0.0,0.0,0.0,0.0,,,
MDH-0095,Platinum,Silica,3.1,195.08,Cat_M_000002,14.0,8.5,CO static chemisorption,<1000,,498,101.33,Helium,89.47,0.13,0.0,10.4,10.54,,,"Downflow, Packed Bed",PBR_000002,59.38,,264.8,93.0,7.0,0.0,<5,10.1007/s11244-006-0001-1,0000-0002-9114-555X,National Science Foundation,CTS-0327959,Methanol Dehydrogenation,0.0,0.0,0.0,0.0,,,
MDH-0096,Platinum,Silica,3.1,195.08,Cat_M_000002,14.0,8.5,CO static chemisorption,<1000,,498,101.33,Helium,88.43,0.0,0.77,10.8,10.94,,,"Downflow, Packed Bed",PBR_000002,68.57,,305.8,91.0,9.0,0.0,<5,10.1007/s11244-006-0001-1,0000-0002-9114-555X,National Science Foundation,CTS-0327959,Methanol Dehydrogenation,0.0,0.0,0.0,0.0,,,
FAD-0001,Platinum,Carbon,1.0,195.08,Cat_M_000010,26.7,52.0,Transmission Electron Microscopy,,7.7,358,101.33,Helium,97.39,0.0,0.0,0.0,0.0,,,Downflow; Packed Bed,PBR_000003,91.91,,,0.82,,99.18,3.3,10.1021/acscatal.9b05424,0000-0002-9114-555X,Department of Energy,DE-FG02-05ER15731,Formic Acid Decomposition,2.61,0.0,0.0,0.0,206.89,0.06,0.0005
FAD-0002,Platinum,Carbon,1.0,195.08,Cat_M_000010,26.7,52.0,Transmission Electron Microscopy,,7.7,363,101.33,Helium,97.39,0.0,0.0,0.0,0.0,,,Downflow; Packed Bed,PBR_000003,141.95,,,0.86,,99.14,5.1,10.1021/acscatal.9b05424,0000-0002-9114-555X,Department of Energy,DE-FG02-05ER15731,Formic Acid Decomposition,2.61,0.0,0.0,0.0,319.54,0.09,0.0008
FAD-0003,Platinum,Carbon,1.0,195.08,Cat_M_000010,26.7,52.0,Transmission Electron Microscopy,,7.7,368,101.33,Helium,97.39,0.0,0.0,0.0,0.0,,,Downflow; Packed Bed,PBR_000003,175.94,,,0.92,,99.08,6.32,10.1021/acscatal.9b05424,0000-0002-9114-555X,Department of Energy,DE-FG02-05ER15731,Formic Acid Decomposition,2.61,0.0,0.0,0.0,396.04,0.11,0.001
FAD-0004,Platinum,Carbon,1.0,195.08,Cat_M_000010,26.7,52.0,Transmission Electron Microscopy,,7.7,373,101.33,Helium,97.39,0.0,0.0,0.0,0.0,,,Downflow; Packed Bed,PBR_000003,240.55,,,0.94,,99.06,8.64,10.1021/acscatal.9b05424,0000-0002-9114-555X,Department of Energy,DE-FG02-05ER15731,Formic Acid Decomposition,2.61,0.0,0.0,0.0,541.48,0.15,0.0014
FAD-0005,Platinum,Carbon,1.0,195.08,Cat_M_000010,26.7,52.0,Transmission Electron Microscopy,,7.7,378,101.33,Helium,97.39,0.0,0.0,0.0,0.0,,,Downflow; Packed Bed,PBR_000003,308.44,,,0.96,,99.04,11.08,10.1021/acscatal.9b05424,0000-0002-9114-555X,Department of Energy,DE-FG02-05ER15731,Formic Acid Decomposition,2.61,0.0,0.0,0.0,694.3,0.19,0.0019
FAD-0006,Platinum,Carbon,1.0,195.08,Cat_M_000010,26.7,52.0,Transmission Electron Microscopy,,3.8,373,101.33,Helium,98.7,0.0,0.0,0.0,0.0,,,Downflow; Packed Bed,PBR_000003,232.56,,,0.97,,99.03,16.71,10.1021/acscatal.9b05424,0000-0002-9114-555X,Department of Energy,DE-FG02-05ER15731,Formic Acid Decomposition,1.3,0.0,0.0,0.0,523.48,0.14,0.0014
FAD-0007,Platinum,Carbon,1.0,195.08,Cat_M_000010,26.7,52.0,Transmission Electron Microscopy,,11.5,373,101.33,Helium,96.09,0.0,0.0,0.0,0.0,,,Downflow; Packed Bed,PBR_000003,243.94,,,1.0,,99.0,5.84,10.1021/acscatal.9b05424,0000-0002-9114-555X,Department of Energy,DE-FG02-05ER15731,Formic Acid Decomposition,3.91,0.0,0.0,0.0,549.11,0.15,0.0015
FAD-0008,Platinum,Carbon,1.0,195.08,Cat_M_000010,26.7,52.0,Transmission Electron Microscopy,,15.4,373,101.33,Helium,92.46,0.0,0.0,0.0,0.0,,,Downflow; Packed Bed,PBR_000003,255.3,,,1.02,,98.98,4.57,10.1021/acscatal.9b05424,0000-0002-9114-555X,Department of Energy,DE-FG02-05ER15731,Formic Acid Decomposition,5.1,0.0,2.44,0.0,574.67,0.16,0.0016
FAD-0009,Platinum,Carbon,1.0,195.08,Cat_M_000010,26.7,52.0,Transmission Electron Microscopy,,7.7,373,101.33,Helium,92.57,0.0,0.0,0.0,0.0,,,Downflow; Packed Bed,PBR_000003,195.66,,,1.1,,98.9,7.03,10.1021/acscatal.9b05424,0000-0002-9114-555X,Department of Energy,DE-FG02-05ER15731,Formic Acid Decomposition,2.54,0.0,4.88,0.0,440.42,0.12,0.0013
FAD-0010,Platinum,Carbon,1.0,195.08,Cat_M_000010,26.7,52.0,Transmission Electron Microscopy,,7.7,373,101.33,Helium,87.99,0.0,0.0,0.0,0.0,,,Downflow; Packed Bed,PBR_000003,185.98,,,1.11,,98.89,6.68,10.1021/acscatal.9b05424,0000-0002-9114-555X,Department of Energy,DE-FG02-05ER15731,Formic Acid Decomposition,2.48,0.0,9.52,0.0,418.64,0.12,0.0013
FAD-0011,Platinum,Carbon,1.0,195.08,Cat_M_000010,26.7,52.0,Transmission Electron Microscopy,,7.7,373,101.33,Helium,97.1,0.0,0.0,0.0,0.0,,,Downflow; Packed Bed,PBR_000003,171.53,,,1.17,,98.83,6.16,10.1021/acscatal.9b05424,0000-0002-9114-555X,Department of Energy,DE-FG02-05ER15731,Formic Acid Decomposition,2.9,0.0,0.0,0.0,386.1,0.11,0.0013
FAD-0012,Platinum,Carbon,1.0,195.08,Cat_M_000010,26.7,52.0,Transmission Electron Microscopy,,7.7,373,101.33,Helium,94.89,0.0,0.0,0.0,0.0,,,Downflow; Packed Bed,PBR_000003,246.9,,,0.89,,99.11,8.87,10.1021/acscatal.9b05424,0000-0002-9114-555X,Department of Energy,DE-FG02-05ER15731,Formic Acid Decomposition,2.61,2.5,0.0,0.0,555.77,0.15,0.0014
FAD-0013,Platinum,Carbon,1.0,195.08,Cat_M_000010,26.7,52.0,Transmission Electron Microscopy,,7.7,373,101.33,Helium,92.38,0.0,0.0,0.0,0.0,,,Downflow; Packed Bed,PBR_000003,240.46,,,0.9,,99.1,8.64,10.1021/acscatal.9b05424,0000-0002-9114-555X,Department of Energy,DE-FG02-05ER15731,Formic Acid Decomposition,2.61,5.01,0.0,0.0,541.26,0.15,0.0014
FAD-0014,Platinum,Carbon,1.0,195.08,Cat_M_000010,26.7,52.0,Transmission Electron Microscopy,,7.7,373,101.33,Helium,87.39,0.0,0.0,0.0,0.0,,,Downflow; Packed Bed,PBR_000003,243.77,,,0.93,,99.07,8.76,10.1021/acscatal.9b05424,0000-0002-9114-555X,Department of Energy,DE-FG02-05ER15731,Formic Acid Decomposition,2.61,10.0,0.0,0.0,548.71,0.15,0.0014
FAD-0015,Platinum,Carbon,1.0,195.08,Cat_M_000010,26.7,52.0,Transmission Electron Microscopy,,7.7,373,101.33,Helium,97.36,0.03,0.0,0.0,0.0,,,Downflow; Packed Bed,PBR_000003,35.18,,,,,,1.26,10.1021/acscatal.9b05424,0000-0002-9114-555X,Department of Energy,DE-FG02-05ER15731,Formic Acid Decomposition,2.61,0.0,0.0,0.0,79.2,0.02,-
FAD-0016,Platinum,Carbon,1.0,195.08,Cat_M_000010,26.7,52.0,Transmission Electron Microscopy,,7.7,373,101.33,Helium,97.35,0.04,0.0,0.0,0.0,,,Downflow; Packed Bed,PBR_000003,23.99,,,,,,0.86,10.1021/acscatal.9b05424,0000-0002-9114-555X,Department of Energy,DE-FG02-05ER15731,Formic Acid Decomposition,2.61,0.0,0.0,0.0,54.0,0.02,-
FAD-0017,Platinum,Carbon,1.0,195.08,Cat_M_000010,26.7,52.0,Transmission Electron Microscopy,,7.7,373,101.33,Helium,97.29,0.1,0.0,0.0,0.0,,,Downflow; Packed Bed,PBR_000003,14.39,,,,,,0.52,10.1021/acscatal.9b05424,0000-0002-9114-555X,Department of Energy,DE-FG02-05ER15731,Formic Acid Decomposition,2.61,0.0,0.0,0.0,32.4,0.01,-
FAD-0018,Platinum,Carbon,1.0,195.08,Cat_M_000010,26.7,52.0,Transmission Electron Microscopy,,7.7,373,101.33,Helium,97.36,0.0,0.0,0.0,0.0,,,Downflow; Packed Bed,PBR_000003,240.5,,,0.92,,99.08,8.64,10.1021/acscatal.9b05424,0000-0002-9114-555X,Department of Energy,DE-FG02-05ER15731,Formic Acid Decomposition,2.61,0.0,0.0,0.03,541.37,0.15,0.0014
FAD-0019,Platinum,Carbon,1.0,195.08,Cat_M_000010,26.7,52.0,Transmission Electron Microscopy,,7.7,373,101.33,Helium,97.35,0.0,0.0,0.0,0.0,,,Downflow; Packed Bed,PBR_000003,245.22,,,0.87,,99.13,8.81,10.1021/acscatal.9b05424,0000-0002-9114-555X,Department of Energy,DE-FG02-05ER15731,Formic Acid Decomposition,2.61,0.0,0.0,0.04,551.99,0.15,0.0013
FAD-0020,Platinum,Carbon,1.0,195.08,Cat_M_000010,26.7,52.0,Transmission Electron Microscopy,,7.7,373,101.33,Helium,97.29,0.0,0.0,0.0,0.0,,,Downflow; Packed Bed,PBR_000003,240.6,,,0.96,,99.04,8.65,10.1021/acscatal.9b05424,0000-0002-9114-555X,Department of Energy,DE-FG02-05ER15731,Formic Acid Decomposition,2.61,0.0,0.0,0.1,541.58,0.15,0.0014
FAD-0021,Palladium,Carbon,1.0,106.42,Cat_M_000012,42.3,45.0,Transmission Electron Microscopy,,15.5,353,101.33,Helium,97.39,0.0,0.0,0.0,0.0,,,Downflow; Packed Bed,PBR_000004,127.62,,,0.6,,99.4,2.28,10.1021/acscatal.2c06078,0000-0002-9114-555X,Department of Energy,DE-FG02-05ER15731,Formic Acid Decomposition,2.61,0.0,0.0,0.0,181.08,0.05,0.0003
FAD-0022,Palladium,Carbon,1.0,106.42,Cat_M_000012,42.3,45.0,Transmission Electron Microscopy,,15.5,363,101.33,Helium,97.39,0.0,0.0,0.0,0.0,,,Downflow; Packed Bed,PBR_000004,230.12,,,0.77,,99.23,4.1,10.1021/acscatal.2c06078,0000-0002-9114-555X,Department of Energy,DE-FG02-05ER15731,Formic Acid Decomposition,2.61,0.0,0.0,0.0,326.52,0.09,0.0007
FAD-0023,Palladium,Carbon,1.0,106.42,Cat_M_000012,42.3,45.0,Transmission Electron Microscopy,,15.5,373,101.33,Helium,97.39,0.0,0.0,0.0,0.0,,,Downflow; Packed Bed,PBR_000004,408.98,,,0.74,,99.26,7.29,10.1021/acscatal.2c06078,0000-0002-9114-555X,Department of Energy,DE-FG02-05ER15731,Formic Acid Decomposition,2.61,0.0,0.0,0.0,580.32,0.16,0.0012
FAD-0024,Palladium,Carbon,1.0,106.42,Cat_M_000012,42.3,45.0,Transmission Electron Microscopy,,15.5,383,101.33,Helium,97.39,0.0,0.0,0.0,0.0,,,Downflow; Packed Bed,PBR_000004,793.1,,,0.83,,99.17,14.14,10.1021/acscatal.2c06078,0000-0002-9114-555X,Department of Energy,DE-FG02-05ER15731,Formic Acid Decomposition,2.61,0.0,0.0,0.0,1125.36,0.31,0.0026
FAD-0025,Palladium,Carbon,1.0,106.42,Cat_M_000012,42.3,45.0,Transmission Electron Microscopy,,15.5,393,101.33,Helium,97.39,0.0,0.0,0.0,0.0,,,Downflow; Packed Bed,PBR_000004,1484.97,,,0.91,,99.09,26.48,10.1021/acscatal.2c06078,0000-0002-9114-555X,Department of Energy,DE-FG02-05ER15731,Formic Acid Decomposition,2.61,0.0,0.0,0.0,2107.08,0.58,0.0053
FAD-0026,Palladium,Carbon,1.0,106.42,Cat_M_000012,42.3,45.0,Transmission Electron Microscopy,,7.8,373,101.33,Helium,98.69,0.0,0.0,0.0,0.0,,,Downflow; Packed Bed,PBR_000004,434.35,,,0.7,,99.3,15.42,10.1021/acscatal.2c06078,0000-0002-9114-555X,Department of Energy,DE-FG02-05ER15731,Formic Acid Decomposition,1.31,0.0,0.0,0.0,616.32,0.17,0.0012
FAD-0027,Palladium,Carbon,1.0,106.42,Cat_M_000012,42.3,45.0,Transmission Electron Microscopy,,11.7,373,101.33,Helium,98.03,0.0,0.0,0.0,0.0,,,Downflow; Packed Bed,PBR_000004,434.35,,,0.7,,99.3,10.25,10.1021/acscatal.2c06078,0000-0002-9114-555X,Department of Energy,DE-FG02-05ER15731,Formic Acid Decomposition,1.97,0.0,0.0,0.0,616.32,0.17,0.0012
FAD-0028,Palladium,Carbon,1.0,106.42,Cat_M_000012,42.3,45.0,Transmission Electron Microscopy,,19.3,373,101.33,Helium,96.75,0.0,0.0,0.0,0.0,,,Downflow; Packed Bed,PBR_000004,409.24,,,0.81,,99.19,5.87,10.1021/acscatal.2c06078,0000-0002-9114-555X,Department of Energy,DE-FG02-05ER15731,Formic Acid Decomposition,3.25,0.0,0.0,0.0,580.68,0.16,0.0013
FAD-0029,Palladium,Carbon,1.0,106.42,Cat_M_000012,42.3,45.0,Transmission Electron Microscopy,,15.1,373,101.33,Helium,97.36,0.0,0.0,0.0,0.0,,,Downflow; Packed Bed,PBR_000004,434.35,,,0.7,,99.3,7.93,10.1021/acscatal.2c06078,0000-0002-9114-555X,Department of Energy,DE-FG02-05ER15731,Formic Acid Decomposition,2.61,0.0,0.0,0.02,616.32,0.17,0.0012
FAD-0030,Palladium,Carbon,1.0,106.42,Cat_M_000012,42.3,45.0,Transmission Electron Microscopy,,15.1,373,101.33,Helium,97.36,0.0,0.0,0.0,0.0,,,Downflow; Packed Bed,PBR_000004,409.24,,,0.81,,99.19,7.47,10.1021/acscatal.2c06078,0000-0002-9114-555X,Department of Energy,DE-FG02-05ER15731,Formic Acid Decomposition,2.61,0.0,0.0,0.02,580.68,0.16,0.0013
FAD-0031,Palladium,Carbon,1.0,106.42,Cat_M_000012,42.3,45.0,Transmission Electron Microscopy,,15.1,373,101.33,Helium,97.35,0.0,0.0,0.0,0.0,,,Downflow; Packed Bed,PBR_000004,409.24,,,0.81,,99.19,7.47,10.1021/acscatal.2c06078,0000-0002-9114-555X,Department of Energy,DE-FG02-05ER15731,Formic Acid Decomposition,2.61,0.0,0.0,0.04,580.68,0.16,0.0013
FAD-0032,Palladium,Carbon,1.0,106.42,Cat_M_000012,42.3,45.0,Transmission Electron Microscopy,,15.1,373,101.33,Helium,97.33,0.0,0.0,0.0,0.0,,,Downflow; Packed Bed,PBR_000004,408.98,,,0.74,,99.26,7.46,10.1021/acscatal.2c06078,0000-0002-9114-555X,Department of Energy,DE-FG02-05ER15731,Formic Acid Decomposition,2.61,0.0,0.0,0.06,580.32,0.16,0.0012
FAD-0033,Palladium,Carbon,1.0,106.42,Cat_M_000012,42.3,45.0,Transmission Electron Microscopy,,15.2,373,101.33,Helium,87.91,0.0,0.0,0.0,0.0,,,Downflow; Packed Bed,PBR_000004,359.0,,,1.06,,98.94,6.52,10.1021/acscatal.2c06078,0000-0002-9114-555X,Department of Energy,DE-FG02-05ER15731,Formic Acid Decomposition,2.61,0.0,9.48,0.0,509.4,0.14,0.0015
FAD-0034,Palladium,Carbon,1.0,106.42,Cat_M_000012,42.3,45.0,Transmission Electron Microscopy,,15.2,373,101.33,Helium,83.17,0.0,0.0,0.0,0.0,,,Downflow; Packed Bed,PBR_000004,282.89,,,1.35,,98.65,5.14,10.1021/acscatal.2c06078,0000-0002-9114-555X,Department of Energy,DE-FG02-05ER15731,Formic Acid Decomposition,2.61,0.0,14.23,0.0,401.4,0.11,0.0015
FAD-0035,Palladium,Carbon,1.0,106.42,Cat_M_000012,42.3,45.0,Transmission Electron Microscopy,,15.2,373,101.33,Helium,73.68,0.0,0.0,0.0,0.0,,,Downflow; Packed Bed,PBR_000004,257.77,,,1.57,,98.43,4.68,10.1021/acscatal.2c06078,0000-0002-9114-555X,Department of Energy,DE-FG02-05ER15731,Formic Acid Decomposition,2.61,0.0,23.71,0.0,365.76,0.1,0.0016
FAD-0036,Palladium,Carbon,1.0,106.42,Cat_M_000012,42.3,45.0,Transmission Electron Microscopy,,14.4,373,101.33,Helium,93.77,0.0,0.0,0.0,0.0,,,Downflow; Packed Bed,PBR_000004,383.87,,,0.86,,99.14,7.34,10.1021/acscatal.2c06078,0000-0002-9114-555X,Department of Energy,DE-FG02-05ER15731,Formic Acid Decomposition,2.61,3.62,0.0,0.0,544.68,0.15,0.0013
FAD-0037,Palladium,Carbon,1.0,106.42,Cat_M_000012,42.3,45.0,Transmission Electron Microscopy,,14.4,373,101.33,Helium,90.17,0.0,0.0,0.0,0.0,,,Downflow; Packed Bed,PBR_000004,409.24,,,0.81,,99.19,7.83,10.1021/acscatal.2c06078,0000-0002-9114-555X,Department of Energy,DE-FG02-05ER15731,Formic Acid Decomposition,2.61,7.22,0.0,0.0,580.68,0.16,0.0013
FAD-0038,Palladium,Carbon,1.0,106.42,Cat_M_000012,42.3,45.0,Transmission Electron Microscopy,,14.4,373,101.33,Helium,86.61,0.0,0.0,0.0,0.0,,,Downflow; Packed Bed,PBR_000004,409.49,,,0.87,,99.13,7.83,10.1021/acscatal.2c06078,0000-0002-9114-555X,Department of Energy,DE-FG02-05ER15731,Formic Acid Decomposition,2.61,10.78,0.0,0.0,581.04,0.16,0.0014
FAD-0039,Palladium,Carbon,1.0,106.42,Cat_M_000012,42.3,45.0,Transmission Electron Microscopy,,14.4,373,101.33,Helium,82.78,0.0,0.0,0.0,0.0,,,Downflow; Packed Bed,PBR_000004,384.37,,,0.99,,99.01,7.35,10.1021/acscatal.2c06078,0000-0002-9114-555X,Department of Energy,DE-FG02-05ER15731,Formic Acid Decomposition,2.61,14.61,0.0,0.0,545.4,0.15,0.0015
FAD-0040,Palladium,Carbon,1.0,106.42,Cat_M_000012,42.3,45.0,Transmission Electron Microscopy,,15.1,373,101.33,Helium,97.36,0.02,0.0,0.0,0.0,,,Downflow; Packed Bed,PBR_000004,101.48,,,,,,1.86,10.1021/acscatal.2c06078,0000-0002-9114-555X,Department of Energy,DE-FG02-05ER15731,Formic Acid Decomposition,2.62,0.0,0.0,0.0,144.0,0.04,-
FAD-0041,Palladium,Carbon,1.0,106.42,Cat_M_000012,42.3,45.0,Transmission Electron Microscopy,,15.1,373,101.33,Helium,97.34,0.05,0.0,0.0,0.0,,,Downflow; Packed Bed,PBR_000004,50.74,,,,,,0.93,10.1021/acscatal.2c06078,0000-0002-9114-555X,Department of Energy,DE-FG02-05ER15731,Formic Acid Decomposition,2.62,0.0,0.0,0.0,72.0,0.02,-
FAD-0042,Palladium,Carbon,1.0,106.42,Cat_M_000012,42.3,45.0,Transmission Electron Microscopy,,15.1,373,101.33,Helium,97.29,0.1,0.0,0.0,0.0,,,Downflow; Packed Bed,PBR_000004,50.74,,,,,,0.93,10.1021/acscatal.2c06078,0000-0002-9114-555X,Department of Energy,DE-FG02-05ER15731,Formic Acid Decomposition,2.62,0.0,0.0,0.0,72.0,0.02,-
FAD-0043,Gold,Silicon Carbide,1.0,196.97,Cat_M_000013,23.2,45.6,Transmission Electron Microscopy,,0.9,373,101.33,Helium,99.0,0.0,0.0,0.0,0.0,,,Downflow; Packed Bed,PBR_000005,9.3,,,0.0,,100.0,2.73,10.1002/aic.14401,0000-0002-9114-555X,Department of Energy,DE-AC02-06CH11357,Formic Acid Decomposition,1.0,0.0,0.0,0.0,24.1,0.01,0
FAD-0044,Gold,Silicon Carbide,1.0,196.97,Cat_M_000013,23.2,45.6,Transmission Electron Microscopy,,1.9,373,101.33,Helium,98.0,0.0,0.0,0.0,0.0,,,Downflow; Packed Bed,PBR_000005,15.42,,,0.0,,100.0,2.26,10.1002/aic.14401,0000-0002-9114-555X,Department of Energy,DE-AC02-06CH11357,Formic Acid Decomposition,2.0,0.0,0.0,0.0,39.96,0.01,0
FAD-0045,Gold,Silicon Carbide,1.0,196.97,Cat_M_000013,23.2,45.6,Transmission Electron Microscopy,,1.9,373,101.33,Helium,98.0,0.0,0.0,0.0,0.0,,,Downflow; Packed Bed,PBR_000005,18.65,,,0.0,,100.0,2.74,10.1002/aic.14401,0000-0002-9114-555X,Department of Energy,DE-AC02-06CH11357,Formic Acid Decomposition,2.0,0.0,0.0,0.0,48.34,0.01,0
FAD-0046,Gold,Silicon Carbide,1.0,196.97,Cat_M_000013,23.2,45.6,Transmission Electron Microscopy,,3.8,373,101.33,Helium,96.0,0.0,0.0,0.0,0.0,,,Downflow; Packed Bed,PBR_000005,33.0,,,0.0,,100.0,2.42,10.1002/aic.14401,0000-0002-9114-555X,Department of Energy,DE-AC02-06CH11357,Formic Acid Decomposition,4.0,0.0,0.0,0.0,85.53,0.02,0
FAD-0047,Gold,Silicon Carbide,1.0,196.97,Cat_M_000013,23.2,45.6,Transmission Electron Microscopy,,2.8,343,101.33,Helium,97.0,0.0,0.0,0.0,0.0,,,Downflow; Packed Bed,PBR_000005,5.05,,,0.0,,100.0,0.49,10.1002/aic.14401,0000-0002-9114-555X,Department of Energy,DE-AC02-06CH11357,Formic Acid Decomposition,3.0,0.0,0.0,0.0,13.09,0.0,0
FAD-0048,Gold,Silicon Carbide,1.0,196.97,Cat_M_000013,23.2,45.6,Transmission Electron Microscopy,,2.8,353,101.33,Helium,97.0,0.0,0.0,0.0,0.0,,,Downflow; Packed Bed,PBR_000005,8.0,,,0.0,,100.0,0.78,10.1002/aic.14401,0000-0002-9114-555X,Department of Energy,DE-AC02-06CH11357,Formic Acid Decomposition,3.0,0.0,0.0,0.0,20.73,0.01,0
FAD-0049,Gold,Silicon Carbide,1.0,196.97,Cat_M_000013,23.2,45.6,Transmission Electron Microscopy,,2.8,363,101.33,Helium,97.0,0.0,0.0,0.0,0.0,,,Downflow; Packed Bed,PBR_000005,15.72,,,0.0,,100.0,1.54,10.1002/aic.14401,0000-0002-9114-555X,Department of Energy,DE-AC02-06CH11357,Formic Acid Decomposition,3.0,0.0,0.0,0.0,40.74,0.01,0
FAD-0050,Gold,Silicon Carbide,1.0,196.97,Cat_M_000013,23.2,45.6,Transmission Electron Microscopy,,2.8,368,101.33,Helium,97.0,0.0,0.0,0.0,0.0,,,Downflow; Packed Bed,PBR_000005,21.35,,,0.0,,100.0,2.09,10.1002/aic.14401,0000-0002-9114-555X,Department of Energy,DE-AC02-06CH11357,Formic Acid Decomposition,3.0,0.0,0.0,0.0,55.33,0.02,0
FAD-0051,Gold,Silicon Carbide,1.0,196.97,Cat_M_000013,23.2,45.6,Transmission Electron Microscopy,,2.8,373,101.33,Helium,97.0,0.0,0.0,0.0,0.0,,,Downflow; Packed Bed,PBR_000005,24.11,,,0.0,,100.0,2.36,10.1002/aic.14401,0000-0002-9114-555X,Department of Energy,DE-AC02-06CH11357,Formic Acid Decomposition,3.0,0.0,0.0,0.0,62.49,0.02,0
FAD-0052,Gold,Silicon Carbide,1.0,196.97,Cat_M_000013,23.2,45.6,Transmission Electron Microscopy,,2.8,378,101.33,Helium,97.0,0.0,0.0,0.0,0.0,,,Downflow; Packed Bed,PBR_000005,32.55,,,0.0,,100.0,3.19,10.1002/aic.14401,0000-0002-9114-555X,Department of Energy,DE-AC02-06CH11357,Formic Acid Decomposition,3.0,0.0,0.0,0.0,84.36,0.02,0
FAD-0053,Gold,Silicon Carbide,1.0,196.97,Cat_M_000013,23.2,45.6,Transmission Electron Microscopy,,2.8,383,101.33,Helium,97.0,0.0,0.0,0.0,0.0,,,Downflow; Packed Bed,PBR_000005,41.3,,,0.0,,100.0,4.04,10.1002/aic.14401,0000-0002-9114-555X,Department of Energy,DE-AC02-06CH11357,Formic Acid Decomposition,3.0,0.0,0.0,0.0,107.04,0.03,0
FAD-0054,Gold,Silicon Carbide,1.0,196.97,Cat_M_000013,23.2,45.6,Transmission Electron Microscopy,,2.8,373,101.33,Helium,96.0,0.0,0.0,0.0,0.0,,,Downflow; Packed Bed,PBR_000005,23.91,,,0.0,,100.0,2.34,10.1002/aic.14401,0000-0002-9114-555X,Department of Energy,DE-AC02-06CH11357,Formic Acid Decomposition,3.0,0.0,1.0,0.0,61.97,0.02,0
FAD-0055,Gold,Silicon Carbide,1.0,196.97,Cat_M_000013,23.2,45.6,Transmission Electron Microscopy,,2.8,373,101.33,Helium,94.0,0.0,0.0,0.0,0.0,,,Downflow; Packed Bed,PBR_000005,24.09,,,0.0,,100.0,2.36,10.1002/aic.14401,0000-0002-9114-555X,Department of Energy,DE-AC02-06CH11357,Formic Acid Decomposition,3.0,0.0,4.0,0.0,62.43,0.02,0
FAD-0056,Gold,Silicon Carbide,1.0,196.97,Cat_M_000013,23.2,45.6,Transmission Electron Microscopy,,2.8,373,101.33,Helium,92.0,0.0,0.0,0.0,0.0,,,Downflow; Packed Bed,PBR_000005,24.32,,,0.0,,100.0,2.38,10.1002/aic.14401,0000-0002-9114-555X,Department of Energy,DE-AC02-06CH11357,Formic Acid Decomposition,3.0,0.0,6.0,0.0,63.03,0.02,0
FAD-0057,Gold,Silicon Carbide,1.0,196.97,Cat_M_000013,23.2,45.6,Transmission Electron Microscopy,,2.8,373,101.33,Helium,96.0,0.0,0.0,0.0,0.0,,,Downflow; Packed Bed,PBR_000005,23.69,,,0.0,,100.0,2.32,10.1002/aic.14401,0000-0002-9114-555X,Department of Energy,DE-AC02-06CH11357,Formic Acid Decomposition,3.0,1.0,0.0,0.0,61.4,0.02,0
FAD-0058,Gold,Silicon Carbide,1.0,196.97,Cat_M_000013,23.2,45.6,Transmission Electron Microscopy,,2.8,373,101.33,Helium,95.0,0.0,0.0,0.0,0.0,,,Downflow; Packed Bed,PBR_000005,23.76,,,0.0,,100.0,2.33,10.1002/aic.14401,0000-0002-9114-555X,Department of Energy,DE-AC02-06CH11357,Formic Acid Decomposition,3.0,3.0,0.0,0.0,61.58,0.02,0
FAD-0059,Gold,Silicon Carbide,1.0,196.97,Cat_M_000013,23.2,45.6,Transmission Electron Microscopy,,2.8,373,101.33,Helium,92.0,0.0,0.0,0.0,0.0,,,Downflow; Packed Bed,PBR_000005,23.97,,,0.0,,100.0,2.35,10.1002/aic.14401,0000-0002-9114-555X,Department of Energy,DE-AC02-06CH11357,Formic Acid Decomposition,3.0,6.0,0.0,0.0,62.12,0.02,0
FAD-0060,Platinum,Silica ,1.0,195.08,Cat_M_000001,14.7,30.1,CO Dynamic Chemisorption ,106-250,7.3,373,117.9,Nitrogen,97.76,0.0,0.0,0.0,0.0,,,Downflow; Packed Bed,PBR_000001,45.4,,,7.0,,93.0,1.8,Abdelrahman Catalysis Research Laboratory,0000-0003-0934-7628,University of Houston,-,Formic Acid Decomposition,2.24,0.0,0.0,0.0,185.84,0.05,0.0036
FAD-0061,Platinum,Silica ,1.0,195.08,Cat_M_000001,14.7,30.1,CO Dynamic Chemisorption ,106-250,7.3,373,117.9,Nitrogen,98.88,0.0,0.0,0.0,0.0,,,Downflow; Packed Bed,PBR_000001,50.0,,,6.0,,94.0,4.5,Abdelrahman Catalysis Research Laboratory,0000-0003-0934-7628,University of Houston,-,Formic Acid Decomposition,1.12,0.0,0.0,0.0,204.67,0.05,0.0034
FAD-0062,Platinum,Silica ,1.0,195.08,Cat_M_000001,14.7,30.1,CO Dynamic Chemisorption ,106-250,7.3,373,117.9,Nitrogen,97.51,0.0,0.0,0.0,0.0,,,Downflow; Packed Bed,PBR_000001,44.91,,,6.0,,94.0,1.8,Abdelrahman Catalysis Research Laboratory,0000-0003-0934-7628,University of Houston,-,Formic Acid Decomposition,2.49,0.0,0.0,0.0,183.83,0.05,0.0031
FAD-0063,Platinum,Silica ,1.0,195.08,Cat_M_000001,14.7,30.1,CO Dynamic Chemisorption ,106-250,7.3,373,117.9,Nitrogen,96.64,0.0,0.0,0.0,0.0,,,Downflow; Packed Bed,PBR_000001,41.83,,,7.0,,93.0,1.2,Abdelrahman Catalysis Research Laboratory,0000-0003-0934-7628,University of Houston,-,Formic Acid Decomposition,3.36,0.0,0.0,0.0,171.23,0.04,0.0033
FAD-0064,Platinum,Silica ,1.0,195.08,Cat_M_000001,14.7,30.1,CO Dynamic Chemisorption ,106-250,7.3,358,117.9,Nitrogen,97.76,0.0,0.0,0.0,0.0,,,Downflow; Packed Bed,PBR_000001,13.46,,,7.0,,93.0,0.6,Abdelrahman Catalysis Research Laboratory,0000-0003-0934-7628,University of Houston,-,Formic Acid Decomposition,2.24,0.0,0.0,0.0,55.1,0.01,0.0011
FAD-0065,Platinum,Silica ,1.0,195.08,Cat_M_000001,14.7,30.1,CO Dynamic Chemisorption ,106-250,7.3,363,117.9,Nitrogen,97.76,0.0,0.0,0.0,0.0,,,Downflow; Packed Bed,PBR_000001,20.18,,,7.0,,93.0,0.9,Abdelrahman Catalysis Research Laboratory,0000-0003-0934-7628,University of Houston,-,Formic Acid Decomposition,2.24,0.0,0.0,0.0,82.6,0.02,0.0016
FAD-0066,Platinum,Silica ,1.0,195.08,Cat_M_000001,14.7,30.1,CO Dynamic Chemisorption ,106-250,7.3,368,117.9,Nitrogen,97.76,0.0,0.0,0.0,0.0,,,Downflow; Packed Bed,PBR_000001,30.43,,,6.0,,94.0,1.3,Abdelrahman Catalysis Research Laboratory,0000-0003-0934-7628,University of Houston,-,Formic Acid Decomposition,2.24,0.0,0.0,0.0,124.56,0.03,0.0021
FAD-0067,Platinum,Silica ,1.0,195.08,Cat_M_000001,14.7,30.1,CO Dynamic Chemisorption ,106-250,7.3,378,117.9,Nitrogen,97.76,0.0,0.0,0.0,0.0,,,Downflow; Packed Bed,PBR_000001,67.38,,,6.0,,94.0,2.96,Abdelrahman Catalysis Research Laboratory,0000-0003-0934-7628,University of Houston,-,Formic Acid Decomposition,2.24,0.0,0.0,0.0,275.81,0.07,0.0046
FAD-0068,Platinum,Silica ,1.0,195.08,Cat_M_000001,14.7,30.1,CO Dynamic Chemisorption ,106-250,2.3,373,117.9,Nitrogen,97.76,0.0,0.0,0.0,0.0,,,Downflow; Packed Bed,PBR_000001,17.3,,,93.0,,7.0,2.36,Abdelrahman Catalysis Research Laboratory,0000-0003-0934-7628,University of Houston,-,Formic Acid Decomposition,2.24,0.0,0.0,0.0,70.82,0.0,0.0183
FAD-0069,Platinum,Silica ,1.0,195.08,Cat_M_000001,14.7,30.1,CO Dynamic Chemisorption ,106-250,2.3,363,117.9,Nitrogen,97.76,0.0,0.0,0.0,0.0,,,Downflow; Packed Bed,PBR_000001,7.76,,,93.0,,7.0,1.06,Abdelrahman Catalysis Research Laboratory,0000-0003-0934-7628,University of Houston,-,Formic Acid Decomposition,2.24,0.0,0.0,0.0,31.76,0.0,0.0082
FAD-0070,Platinum,Silica ,1.0,195.08,Cat_M_000001,14.7,30.1,CO Dynamic Chemisorption ,106-250,2.3,368,117.9,Nitrogen,97.76,0.0,0.0,0.0,0.0,,,Downflow; Packed Bed,PBR_000001,11.62,,,93.0,,7.0,1.58,Abdelrahman Catalysis Research Laboratory,0000-0003-0934-7628,University of Houston,-,Formic Acid Decomposition,2.24,0.0,0.0,0.0,47.57,0.0,0.0123
FAD-0071,Platinum,Silica ,1.0,195.08,Cat_M_000001,14.7,30.1,CO Dynamic Chemisorption ,106-250,2.3,378,117.9,Nitrogen,97.76,0.0,0.0,0.0,0.0,,,Downflow; Packed Bed,PBR_000001,18.88,,,92.0,,8.0,3.95,Abdelrahman Catalysis Research Laboratory,0000-0003-0934-7628,University of Houston,-,Formic Acid Decomposition,2.24,0.0,0.0,0.0,77.27,0.0,0.0197
FAD-0072,Platinum,Carbon,5.0,195.08,Cat_M_000004,73.0,28.5,CO Dynamic Chemisorption ,106-250,7.0,373,117.9,Nitrogen,97.76,0.0,0.0,0.0,0.0,,,Downflow; Packed Bed,PBR_000001,160.5,,,1.0,,99.0,5.0,Abdelrahman Catalysis Research Laboratory,0000-0003-0934-7628,University of Houston,-,Formic Acid Decomposition,2.24,0.0,0.0,0.0,131.84,0.04,0.0004
FAD-0073,Platinum,Carbon,5.0,195.08,Cat_M_000004,73.0,28.5,CO Dynamic Chemisorption ,106-250,7.0,363,117.9,Nitrogen,97.76,0.0,0.0,0.0,0.0,,,Downflow; Packed Bed,PBR_000001,95.32,,,2.0,,98.0,2.75,Abdelrahman Catalysis Research Laboratory,0000-0003-0934-7628,University of Houston,-,Formic Acid Decomposition,2.24,0.0,0.0,0.0,78.3,0.02,0.0004
FAD-0074,Platinum,Carbon,5.0,195.08,Cat_M_000004,73.0,28.5,CO Dynamic Chemisorption ,106-250,7.0,368,117.9,Nitrogen,97.76,0.0,0.0,0.0,0.0,,,Downflow; Packed Bed,PBR_000001,119.58,,,3.0,,97.0,3.33,Abdelrahman Catalysis Research Laboratory,0000-0003-0934-7628,University of Houston,-,Formic Acid Decomposition,2.24,0.0,0.0,0.0,98.22,0.03,0.0008
FAD-0075,Platinum,Carbon,5.0,195.08,Cat_M_000004,73.0,28.5,CO Dynamic Chemisorption ,106-250,7.0,378,117.9,Nitrogen,97.76,0.0,0.0,0.0,0.0,,,Downflow; Packed Bed,PBR_000001,195.63,,,2.0,,98.0,5.64,Abdelrahman Catalysis Research Laboratory,0000-0003-0934-7628,University of Houston,-,Formic Acid Decomposition,2.24,0.0,0.0,0.0,160.69,0.04,0.0009
FAD-0076,Platinum,Alumina,0.5,195.08,Cat_M_0000015,6.8,26.4,CO Dynamic Chemisorption ,106-250,7.2,373,117.9,Nitrogen,97.76,0.0,0.0,0.0,0.0,,,Downflow; Packed Bed,PBR_000001,13.5,,,16.0,,84.0,0.35,Abdelrahman Catalysis Research Laboratory,0000-0003-0934-7628,University of Houston,-,Formic Acid Decomposition,2.24,0.0,0.0,0.0,119.82,0.03,0.0053
FAD-0077,Platinum,Alumina,0.5,195.08,Cat_M_0000015,6.8,26.4,CO Dynamic Chemisorption ,106-250,1.7,373,117.9,Nitrogen,97.39,0.0,0.0,0.0,0.0,,,Downflow; Packed Bed,PBR_000001,6.82,,,16.0,,84.0,0.72,Abdelrahman Catalysis Research Laboratory,0000-0003-0934-7628,University of Houston,-,Formic Acid Decomposition,2.61,0.0,0.0,0.0,60.53,0.01,0.0027
FAD-0078,Platinum,Alumina,0.5,195.08,Cat_M_0000015,6.8,26.4,CO Dynamic Chemisorption ,106-250,0.8,373,117.9,Nitrogen,97.39,0.0,0.0,0.0,0.0,,,Downflow; Packed Bed,PBR_000001,6.27,,,16.0,,84.0,1.4,Abdelrahman Catalysis Research Laboratory,0000-0003-0934-7628,University of Houston,-,Formic Acid Decomposition,2.61,0.0,0.0,0.0,55.61,0.01,0.0025
FAD-0079,Platinum,Alumina,0.5,195.08,Cat_M_0000015,6.8,26.4,CO Dynamic Chemisorption ,106-250,4.0,373,117.9,Nitrogen,97.53,0.0,0.0,0.0,0.0,,,Downflow; Packed Bed,PBR_000001,9.29,,,16.0,,84.0,0.45,Abdelrahman Catalysis Research Laboratory,0000-0003-0934-7628,University of Houston,-,Formic Acid Decomposition,2.47,0.0,0.0,0.0,82.44,0.02,0.0037
FAD-0080,Platinum,Alumina,0.5,195.08,Cat_M_0000015,6.8,26.4,CO Dynamic Chemisorption ,106-250,9.4,373,117.9,Nitrogen,98.02,0.0,0.0,0.0,0.0,,,Downflow; Packed Bed,PBR_000001,13.87,,,16.0,,84.0,0.26,Abdelrahman Catalysis Research Laboratory,0000-0003-0934-7628,University of Houston,-,Formic Acid Decomposition,1.98,0.0,0.0,0.0,123.1,0.03,0.0055
FAD-0081,Platinum,Alumina,0.5,195.08,Cat_M_0000015,6.8,26.4,CO Dynamic Chemisorption ,106-250,7.2,368,117.9,Nitrogen,97.76,0.0,0.0,0.0,0.0,,,Downflow; Packed Bed,PBR_000001,9.26,,,17.0,,83.0,0.21,Abdelrahman Catalysis Research Laboratory,0000-0003-0934-7628,University of Houston,-,Formic Acid Decomposition,2.24,0.0,0.0,0.0,82.21,0.02,0.0039
FAD-0082,Platinum,Alumina,0.5,195.08,Cat_M_0000015,6.8,26.4,CO Dynamic Chemisorption ,106-250,7.2,378,117.9,Nitrogen,97.76,0.0,0.0,0.0,0.0,,,Downflow; Packed Bed,PBR_000001,15.6,,,17.0,,83.0,0.41,Abdelrahman Catalysis Research Laboratory,0000-0003-0934-7628,University of Houston,-,Formic Acid Decomposition,2.24,0.0,0.0,0.0,138.47,0.03,0.0065
FAD-0083,Platinum,Alumina,0.5,195.08,Cat_M_0000015,6.8,26.4,CO Dynamic Chemisorption ,106-250,7.2,383,117.9,Nitrogen,97.76,0.0,0.0,0.0,0.0,,,Downflow; Packed Bed,PBR_000002,20.08,,,17.0,,83.0,0.44,Abdelrahman Catalysis Research Laboratory,0000-0003-0934-7628,University of Houston,-,Formic Acid Decomposition,2.24,0.0,0.0,0.0,178.22,0.04,0.0084
FAD-0084,Platinum,Alumina,0.5,195.08,Cat_M_0000015,6.8,26.4,CO Dynamic Chemisorption ,106-250,7.2,388,117.9,Nitrogen,97.76,0.0,0.0,0.0,0.0,,,Downflow; Packed Bed,PBR_000003,21.1,,,17.0,,83.0,0.61,Abdelrahman Catalysis Research Laboratory,0000-0003-0934-7628,University of Houston,-,Formic Acid Decomposition,2.24,0.0,0.0,0.0,187.29,0.04,0.0088
